f23380,127.0.0.1,GET,http://sanicar.dev/async/dashboardnews,1399400737,7b060b
b25570,127.0.0.1,GET,http://sanicar.dev/async/showstack?items=7&options=full,1399400737,7b060b
de50ef,127.0.0.1,GET,http://sanicar.dev/async/latestactivity,1399400737,7b060b
7b060b,127.0.0.1,GET,http://sanicar.dev/bolt/,1399400737,
675aac,127.0.0.1,GET,http://sanicar.dev/async/latestactivity,1399400758,
a94141,127.0.0.1,GET,http://sanicar.dev/async/latestactivity,1399400789,
94c506,127.0.0.1,GET,http://sanicar.dev/async/latestactivity,1399400820,
b7666b,127.0.0.1,GET,http://sanicar.dev/async/latestactivity,1399400850,
6568be,127.0.0.1,GET,http://sanicar.dev/async/latestactivity,1399400880,
0df46f,127.0.0.1,GET,http://sanicar.dev/async/latestactivity,1399400910,
985747,127.0.0.1,GET,http://sanicar.dev/async/latestactivity,1399400940,
2d160d,127.0.0.1,GET,http://sanicar.dev/async/latestactivity,1399400970,
eb2756,127.0.0.1,GET,http://sanicar.dev/async/latestactivity,1399401000,
952f1f,127.0.0.1,GET,http://sanicar.dev/async/latestactivity,1399401030,
e5adfb,127.0.0.1,GET,http://sanicar.dev/async/latestactivity,1399401060,
2d32e2,127.0.0.1,GET,http://sanicar.dev/async/latestactivity,1399401090,
eb8fa9,127.0.0.1,GET,http://sanicar.dev/async/latestactivity,1399401120,
000dc1,127.0.0.1,GET,http://sanicar.dev/async/latestactivity,1399401150,
7483dd,127.0.0.1,GET,http://sanicar.dev/async/latestactivity,1399401180,
1a8f12,127.0.0.1,GET,http://sanicar.dev/bolt/files/theme,1399401206,
3b8a78,127.0.0.1,GET,http://sanicar.dev/bolt/files/theme/base-2013,1399401216,
89ae4b,127.0.0.1,GET,http://sanicar.dev/bolt/file/edit/theme/base-2013/index.twig,1399401241,
6d6d53,127.0.0.1,GET,http://sanicar.dev/bolt/files/theme,1399401564,
1152be,127.0.0.1,GET,http://sanicar.dev/bolt/file/edit/app/config/config.yml,1399401723,
e9007a,127.0.0.1,POST,http://sanicar.dev/bolt/file/edit/app/config/config.yml,1399401800,
a8f67a,127.0.0.1,GET,http://sanicar.dev/,1399401974,
d34f81,127.0.0.1,GET,http://sanicar.dev/,1399402075,
3b658c,127.0.0.1,GET,http://sanicar.dev/,1399402177,
69be25,127.0.0.1,GET,http://sanicar.dev/bolt/file/edit/app/config/menu.yml,1399402186,
fcb06c,127.0.0.1,POST,http://sanicar.dev/bolt/file/edit/app/config/menu.yml,1399402214,
bcae9f,127.0.0.1,GET,http://sanicar.dev/,1399402221,
56bdae,127.0.0.1,GET,http://sanicar.dev/,1399402327,
3423a5,127.0.0.1,GET,http://sanicar.dev/async/dashboardnews,1399402349,11d593
4366d8,127.0.0.1,GET,http://sanicar.dev/async/showstack?items=7&options=full,1399402350,11d593
3f5a02,127.0.0.1,GET,http://sanicar.dev/async/latestactivity,1399402350,11d593
11d593,127.0.0.1,GET,http://sanicar.dev/bolt/,1399402350,
1cc679,127.0.0.1,GET,http://sanicar.dev/async/lastmodified/pages,1399402354,4df7b4
1e59bc,127.0.0.1,GET,http://sanicar.dev/async/showstack?items=5&options=full,1399402354,4df7b4
4df7b4,127.0.0.1,GET,http://sanicar.dev/bolt/editcontent/pages/,1399402354,
db9939,127.0.0.1,GET,http://sanicar.dev/async/makeuri?contenttypeslug=pages&fulluri=false&id=&title=%20,1399402355,
3b8292,127.0.0.1,GET,http://sanicar.dev/async/makeuri?contenttypeslug=pages&fulluri=false&id=&title=M%20,1399402369,
c2caf2,127.0.0.1,GET,http://sanicar.dev/async/makeuri?contenttypeslug=pages&fulluri=false&id=&title=Mo%20,1399402369,
8af965,127.0.0.1,GET,http://sanicar.dev/async/makeuri?contenttypeslug=pages&fulluri=false&id=&title=Mob%20,1399402370,
0b46ba,127.0.0.1,GET,http://sanicar.dev/async/makeuri?contenttypeslug=pages&fulluri=false&id=&title=Mobiele%20%20,1399402371,
c61dec,127.0.0.1,GET,http://sanicar.dev/async/makeuri?contenttypeslug=pages&fulluri=false&id=&title=Mobiele%20b%20,1399402372,
5f4581,127.0.0.1,GET,http://sanicar.dev/async/makeuri?contenttypeslug=pages&fulluri=false&id=&title=Mobiele%20bad%20,1399402372,
72172c,127.0.0.1,GET,http://sanicar.dev/async/makeuri?contenttypeslug=pages&fulluri=false&id=&title=Mobiele%20badk%20,1399402373,
2386de,127.0.0.1,GET,http://sanicar.dev/async/makeuri?contenttypeslug=pages&fulluri=false&id=&title=Mobiele%20badka%20,1399402373,
fdef0c,127.0.0.1,GET,http://sanicar.dev/async/makeuri?contenttypeslug=pages&fulluri=false&id=&title=Mobiele%20badkamer%20,1399402375,
76c7e7,127.0.0.1,GET,http://sanicar.dev/async/makeuri?contenttypeslug=pages&fulluri=false&id=&title=Mobiele%20badkamer%20,1399402382,
4a5b04,127.0.0.1,POST,http://sanicar.dev/bolt/editcontent/pages/?returnto=savecontinuebutton,1399402418,
bbec1c,127.0.0.1,GET,http://sanicar.dev/async/lastmodified/pages/1,1399402419,c14922
df25b9,127.0.0.1,GET,http://sanicar.dev/async/showstack?items=5&options=full,1399402419,c14922
c14922,127.0.0.1,GET,http://sanicar.dev/bolt/editcontent/pages/1,1399402419,
75d6b0,127.0.0.1,GET,http://sanicar.dev/async/makeuri?contenttypeslug=pages&fulluri=false&id=1&title=,1399402442,
6ab2d1,127.0.0.1,GET,http://sanicar.dev/async/dashboardnews,1399402456,1a9dff
e8318f,127.0.0.1,GET,http://sanicar.dev/async/showstack?items=7&options=full,1399402456,1a9dff
468f44,127.0.0.1,GET,http://sanicar.dev/async/latestactivity,1399402456,1a9dff
1a9dff,127.0.0.1,GET,http://sanicar.dev/bolt/,1399402456,
0cc158,127.0.0.1,GET,http://sanicar.dev/async/lastmodified/pages/1,1399402461,4b5e62
d817d1,127.0.0.1,GET,http://sanicar.dev/async/showstack?items=5&options=full,1399402461,4b5e62
4b5e62,127.0.0.1,GET,http://sanicar.dev/bolt/editcontent/pages/1,1399402461,
2bf08c,127.0.0.1,GET,http://sanicar.dev/async/dashboardnews,1399402467,9ead55
006297,127.0.0.1,GET,http://sanicar.dev/async/showstack?items=7&options=full,1399402467,9ead55
76b4a1,127.0.0.1,GET,http://sanicar.dev/async/latestactivity,1399402467,9ead55
9ead55,127.0.0.1,GET,http://sanicar.dev/bolt/,1399402467,
6eac6c,127.0.0.1,GET,http://sanicar.dev/async/lastmodified/pages,1399402470,90a9a4
6f8ba0,127.0.0.1,GET,http://sanicar.dev/async/showstack?items=5&options=full,1399402470,90a9a4
90a9a4,127.0.0.1,GET,http://sanicar.dev/bolt/editcontent/pages/,1399402470,
4dec52,127.0.0.1,GET,http://sanicar.dev/async/makeuri?contenttypeslug=pages&fulluri=false&id=&title=%20,1399402471,
fdf793,127.0.0.1,GET,http://sanicar.dev/async/makeuri?contenttypeslug=pages&fulluri=false&id=&title=WC%20,1399402483,
aa4550,127.0.0.1,GET,http://sanicar.dev/async/makeuri?contenttypeslug=pages&fulluri=false&id=&title=WC-%20,1399402485,
577d04,127.0.0.1,GET,http://sanicar.dev/async/makeuri?contenttypeslug=pages&fulluri=false&id=&title=WC-w%20,1399402485,
136467,127.0.0.1,GET,http://sanicar.dev/async/makeuri?contenttypeslug=pages&fulluri=false&id=&title=WC-wa%20,1399402485,
fedebe,127.0.0.1,GET,http://sanicar.dev/async/makeuri?contenttypeslug=pages&fulluri=false&id=&title=WC-wagens%20,1399402486,
9434a3,127.0.0.1,GET,http://sanicar.dev/async/makeuri?contenttypeslug=pages&fulluri=false&id=&title=WC-wagens%20,1399402490,
ffd14d,127.0.0.1,POST,http://sanicar.dev/bolt/editcontent/pages/?returnto=savecontinuebutton,1399402508,
0e0c5b,127.0.0.1,GET,http://sanicar.dev/async/lastmodified/pages/2,1399402508,a45dc9
5d5008,127.0.0.1,GET,http://sanicar.dev/async/showstack?items=5&options=full,1399402508,a45dc9
a45dc9,127.0.0.1,GET,http://sanicar.dev/bolt/editcontent/pages/2,1399402508,
8ff826,127.0.0.1,GET,http://sanicar.dev/async/dashboardnews,1399402524,e9ec3b
0f4e52,127.0.0.1,GET,http://sanicar.dev/async/showstack?items=7&options=full,1399402524,e9ec3b
2e4b3f,127.0.0.1,GET,http://sanicar.dev/async/latestactivity,1399402524,e9ec3b
e9ec3b,127.0.0.1,GET,http://sanicar.dev/bolt/,1399402524,
b86e1f,127.0.0.1,GET,http://sanicar.dev/async/lastmodified/pages/1,1399402529,dc2524
08cbe9,127.0.0.1,GET,http://sanicar.dev/async/showstack?items=5&options=full,1399402529,dc2524
dc2524,127.0.0.1,GET,http://sanicar.dev/bolt/editcontent/pages/1,1399402529,
df18df,127.0.0.1,GET,http://sanicar.dev/,1399402933,
682e27,127.0.0.1,GET,http://sanicar.dev/,1399403104,
6cbb4c,127.0.0.1,GET,http://sanicar.dev/async/dashboardnews,1399403121,bd03f2
d2ad51,127.0.0.1,GET,http://sanicar.dev/async/showstack?items=7&options=full,1399403121,bd03f2
101a8e,127.0.0.1,GET,http://sanicar.dev/async/latestactivity,1399403121,bd03f2
bd03f2,127.0.0.1,GET,http://sanicar.dev/bolt/,1399403121,
ae24cd,127.0.0.1,GET,http://sanicar.dev/,1399403129,
6c2a44,127.0.0.1,GET,http://sanicar.dev/,1399403342,
068faa,127.0.0.1,GET,http://sanicar.dev/,1399403399,
d98b54,127.0.0.1,GET,http://sanicar.dev/,1399403451,
fb461b,127.0.0.1,GET,http://sanicar.dev/,1399403454,
d144b4,127.0.0.1,GET,http://sanicar.dev/,1399403557,
95f7b6,127.0.0.1,GET,http://sanicar.dev/,1399403681,
095c1b,127.0.0.1,GET,http://sanicar.dev/,1399403809,
0e50e9,127.0.0.1,GET,http://sanicar.dev/,1399404031,
c9953c,127.0.0.1,GET,http://sanicar.dev/async/dashboardnews,1399404111,10db8c
a69464,127.0.0.1,GET,http://sanicar.dev/async/showstack?items=7&options=full,1399404111,10db8c
499e91,127.0.0.1,GET,http://sanicar.dev/async/latestactivity,1399404111,10db8c
10db8c,127.0.0.1,GET,http://sanicar.dev/bolt/,1399404111,
4cb502,127.0.0.1,GET,http://sanicar.dev/,1399404115,
43b603,127.0.0.1,GET,http://sanicar.dev/,1399404244,
53d050,127.0.0.1,GET,http://sanicar.dev/async/dashboardnews,1399404266,27f8a1
e79778,127.0.0.1,GET,http://sanicar.dev/async/showstack?items=7&options=full,1399404267,27f8a1
db592d,127.0.0.1,GET,http://sanicar.dev/async/latestactivity,1399404267,27f8a1
27f8a1,127.0.0.1,GET,http://sanicar.dev/bolt/,1399404267,
9ddfa5,127.0.0.1,GET,http://sanicar.dev/async/lastmodified/pages/2,1399404270,0963c1
3a93b4,127.0.0.1,GET,http://sanicar.dev/async/showstack?items=5&options=full,1399404270,0963c1
0963c1,127.0.0.1,GET,http://sanicar.dev/bolt/editcontent/pages/2,1399404270,
a4b083,127.0.0.1,GET,http://sanicar.dev/async/dashboardnews,1399404292,d6abbd
6a4b90,127.0.0.1,GET,http://sanicar.dev/async/showstack?items=7&options=full,1399404292,d6abbd
e10060,127.0.0.1,GET,http://sanicar.dev/async/latestactivity,1399404292,d6abbd
d6abbd,127.0.0.1,GET,http://sanicar.dev/bolt/,1399404292,
f39ec9,127.0.0.1,GET,http://sanicar.dev/,1399404296,
69f276,127.0.0.1,GET,http://sanicar.dev/async/latestactivity,1399404313,
89aad6,127.0.0.1,GET,http://sanicar.dev/async/latestactivity,1399404344,
a14383,127.0.0.1,GET,http://sanicar.dev/async/latestactivity,1399404375,
d76633,127.0.0.1,GET,http://sanicar.dev/,1399404381,
c3b37f,127.0.0.1,GET,http://sanicar.dev/async/latestactivity,1399404406,
18a33e,127.0.0.1,GET,http://sanicar.dev/async/latestactivity,1399404437,
36cb33,127.0.0.1,GET,http://sanicar.dev/async/latestactivity,1399404468,
284745,127.0.0.1,GET,http://sanicar.dev/async/latestactivity,1399404499,
7baa00,127.0.0.1,GET,http://sanicar.dev/,1399404521,
de7336,127.0.0.1,GET,http://sanicar.dev/async/latestactivity,1399404529,
e67c51,127.0.0.1,GET,http://sanicar.dev/async/latestactivity,1399404560,
0e6d2f,127.0.0.1,GET,http://sanicar.dev/async/latestactivity,1399404591,
